<?xml version="1.0" encoding="UTF-8"?>
<project-private xmlns="http://www.netbeans.org/ns/project-private/1">
    <editor-bookmarks xmlns="http://www.netbeans.org/ns/editor-bookmarks/2" lastBookmarkId="0"/>
    <open-files xmlns="http://www.netbeans.org/ns/projectui-open-files/2">
        <group>
            <file>file:/C:/Users/Jerem/OneDrive/Escritorio/Programación/ArgPrograma/Etapa2/RepasoGit/ProyectoDeRepaso/src/eggprojects/Guia2/Guia/Ejercicio9.java</file>
            <file>file:/C:/Users/Jerem/OneDrive/Escritorio/Programación/ArgPrograma/Etapa2/RepasoGit/ProyectoDeRepaso/src/eggprojects/Guia2/EjercicioEjemplo.java</file>
            <file>file:/C:/Users/Jerem/OneDrive/Escritorio/Programación/ArgPrograma/Etapa2/RepasoGit/ProyectoDeRepaso/src/eggprojects/Guia2/Guia/Ejemplo4.java</file>
            <file>file:/C:/Users/Jerem/OneDrive/Escritorio/Programación/ArgPrograma/Etapa2/RepasoGit/ProyectoDeRepaso/src/eggprojects/Guia2/Guia/Ejercicio10.java</file>
            <file>file:/C:/Users/Jerem/OneDrive/Escritorio/Programación/ArgPrograma/Etapa2/RepasoGit/ProyectoDeRepaso/src/eggprojects/Guia2/Guia/EjercicioEjemplo2.java</file>
            <file>file:/C:/Users/Jerem/OneDrive/Escritorio/Programación/ArgPrograma/Etapa2/RepasoGit/ProyectoDeRepaso/src/eggprojects/Guia2/Guia/Ejercicio8.java</file>
            <file>file:/C:/Users/Jerem/OneDrive/Escritorio/Programación/ArgPrograma/Etapa2/RepasoGit/ProyectoDeRepaso/src/eggprojects/Guia2/Guia/Ejemplo3.java</file>
            <file>file:/C:/Users/Jerem/OneDrive/Escritorio/Programación/ArgPrograma/Etapa2/RepasoGit/ProyectoDeRepaso/src/eggprojects/Guia2/ej.java</file>
        </group>
    </open-files>
</project-private>
